order_id,customer_id,order_date,product_id,qty,unit_price
1,96,2009-7-15,24,2,8.34
1,96,2009-7-15,62,1,3.03
1,96,2009-7-15,36,4,3.72
2,36,2009-2-8,69,1,7.16
2,36,2009-2-8,35,3,2.68
2,36,2009-2-8,7,1,1.68
2,36,2009-2-8,36,3,8.85
2,36,2009-2-8,75,2,6.2
2,36,2009-2-8,48,2,0.47
3,85,2009-3-17,73,3,4.95
3,85,2009-3-17,35,2,5.77
4,47,2009-12-10,32,3,5.95
4,47,2009-12-10,53,3,7.61
5,94,2009-2-24,60,3,9.11
5,94,2009-2-24,35,2,4.9
5,94,2009-2-24,50,3,6.57
5,94,2009-2-24,31,4,0.38
5,94,2009-2-24,63,2,9.28
5,94,2009-2-24,34,3,4.07
5,94,2009-2-24,10,2,5.94
6,8,2009-9-8,64,2,3.46
6,8,2009-9-8,23,2,9.68
6,8,2009-9-8,23,2,1.28
6,8,2009-9-8,50,3,6.41
6,8,2009-9-8,59,2,7.31
6,8,2009-9-8,53,3,0.3
6,8,2009-9-8,67,1,9.44
6,8,2009-9-8,2,3,1.29
6,8,2009-9-8,35,4,5.73
7,70,2009-11-8,61,2,7.18
7,70,2009-11-8,52,3,7.82
7,70,2009-11-8,41,4,2.11
7,70,2009-11-8,31,1,4.47
7,70,2009-11-8,39,1,1.77
7,70,2009-11-8,33,3,4.82
7,70,2009-11-8,27,3,7.2
8,77,2009-9-28,57,4,6.81
8,77,2009-9-28,6,1,6.65
8,77,2009-9-28,8,1,1.2
8,77,2009-9-28,49,4,5.31
8,77,2009-9-28,40,2,5.78
8,77,2009-9-28,37,4,6.14
8,77,2009-9-28,29,1,3.6
8,77,2009-9-28,45,3,3.11
8,77,2009-9-28,49,4,3.19
9,24,2009-8-19,12,2,9.88
9,24,2009-8-19,58,4,2.34
10,33,2009-5-2,6,3,9.42
10,33,2009-5-2,13,1,9.85
11,23,2009-6-21,42,2,5.93
11,23,2009-6-21,39,3,4.76
12,43,2009-8-15,56,3,1.48
12,43,2009-8-15,30,4,3.96
13,62,2009-11-9,28,3,8.92
14,46,2009-6-1,17,3,9.19
15,72,2009-9-9,42,2,2.69
15,72,2009-9-9,69,2,5.04
15,72,2009-9-9,25,4,2.28
16,35,2009-5-8,52,1,8.85
16,35,2009-5-8,30,3,6.03
16,35,2009-5-8,10,4,5.55
16,35,2009-5-8,31,4,0.25
16,35,2009-5-8,6,3,0.91
17,4,2009-4-19,2,2,8.78
18,89,2009-8-20,44,3,6.37
19,77,2009-11-25,63,2,2.15
20,12,2009-4-14,19,3,2.1
20,12,2009-4-14,7,2,5.17
20,12,2009-4-14,73,3,7.68
20,12,2009-4-14,64,4,2.37
20,12,2009-4-14,65,1,7.13
20,12,2009-4-14,14,4,1.37
21,96,2009-9-9,11,2,8.59
22,18,2009-1-14,21,2,9.23
22,18,2009-1-14,33,3,5.86
22,18,2009-1-14,59,3,5.21
23,13,2009-5-12,62,4,4.4
23,13,2009-5-12,54,4,8.92
23,13,2009-5-12,39,3,4.91
23,13,2009-5-12,6,2,2.4
23,13,2009-5-12,70,3,2.09
24,22,2009-7-5,67,3,7.29
24,22,2009-7-5,53,2,5.8
24,22,2009-7-5,49,4,8.85
24,22,2009-7-5,46,2,9.51
24,22,2009-7-5,69,3,5.16
24,22,2009-7-5,10,3,8.58
24,22,2009-7-5,18,2,1.26
25,97,2009-10-3,6,3,1.29
25,97,2009-10-3,47,4,6.53
26,20,2009-1-16,1,2,0.67
26,20,2009-1-16,74,4,4.66
26,20,2009-1-16,64,3,0.96
26,20,2009-1-16,74,3,1.98
26,20,2009-1-16,52,2,7.56
26,20,2009-1-16,26,3,1.33
27,50,2009-3-20,52,2,0.32
27,50,2009-3-20,8,3,4.67
27,50,2009-3-20,75,4,6.54
28,102,2009-3-19,40,3,9.52
28,102,2009-3-19,18,1,4.92
28,102,2009-3-19,63,3,6.28
28,102,2009-3-19,68,3,1.89
28,102,2009-3-19,36,2,0.92
28,102,2009-3-19,25,2,9.07
28,102,2009-3-19,13,2,1.28
28,102,2009-3-19,35,2,9.43
28,102,2009-3-19,61,1,6.55
28,102,2009-3-19,19,1,6.63
28,102,2009-3-19,39,3,3.27
28,102,2009-3-19,70,3,4.36
28,102,2009-3-19,46,4,0.72
28,102,2009-3-19,67,1,1.5
28,102,2009-3-19,27,1,2.59
28,102,2009-3-19,61,3,8.23
29,71,2009-11-7,65,4,7.26
29,71,2009-11-7,41,3,7.2
29,71,2009-11-7,22,2,7.23
30,21,2009-9-9,15,2,8.94
31,9,2009-6-4,3,2,4.56
32,43,2009-11-27,50,4,7.47
33,43,2009-10-12,71,4,4.15
34,25,2009-4-12,26,2,7.22
35,50,2009-4-3,63,2,5.69
36,12,2009-11-2,32,3,0.3
37,36,2009-4-18,72,3,7.44
37,36,2009-4-18,66,2,1.6
37,36,2009-4-18,59,4,6.73
37,36,2009-4-18,42,1,3.97
37,36,2009-4-18,60,2,7.53
37,36,2009-4-18,46,2,7.9
38,26,2009-2-10,37,1,5.43
38,26,2009-2-10,3,3,4.81
38,26,2009-2-10,20,2,2.4
38,26,2009-2-10,7,4,7
38,26,2009-2-10,65,3,7.35
39,10,2009-1-25,52,3,8.1
40,43,2009-8-2,17,3,3.64
40,43,2009-8-2,17,1,7.03
40,43,2009-8-2,72,3,4.66
40,43,2009-8-2,1,1,6.18
40,43,2009-8-2,4,2,8.62
41,38,2009-6-18,71,2,0.32
41,38,2009-6-18,11,3,4.07
41,38,2009-6-18,49,2,1.15
41,38,2009-6-18,24,2,2.21
41,38,2009-6-18,5,2,5.86
41,38,2009-6-18,55,3,3.81
41,38,2009-6-18,22,1,0.97
41,38,2009-6-18,42,2,3.81
42,11,2009-12-22,58,1,7.66
42,11,2009-12-22,34,3,2.62
43,3,2009-10-20,68,4,1.88
43,3,2009-10-20,28,2,1.18
43,3,2009-10-20,65,1,5.01
43,3,2009-10-20,49,2,1.76
44,26,2009-12-5,63,3,9.78
44,26,2009-12-5,54,3,9.26
44,26,2009-12-5,15,4,7.22
44,26,2009-12-5,50,4,8.69
45,101,2009-12-22,41,2,2.57
45,101,2009-12-22,16,3,1.43
46,89,2009-3-23,19,4,7.72
46,89,2009-3-23,58,3,3.11
46,89,2009-3-23,47,2,3.36
47,2,2009-8-16,73,3,2.96
48,46,2009-1-5,2,2,3.47
48,46,2009-1-5,11,4,9.7
49,51,2009-7-6,5,4,2.8
49,51,2009-7-6,49,2,2.82
50,106,2009-6-12,22,2,6.64
50,106,2009-6-12,33,2,4.26
50,106,2009-6-12,10,2,5.6
50,106,2009-6-12,27,3,7.77
50,106,2009-6-12,72,4,3
51,68,2009-4-11,49,3,7.66
51,68,2009-4-11,40,2,3.3
51,68,2009-4-11,25,3,4.79
51,68,2009-4-11,43,1,0.19
51,68,2009-4-11,22,3,7.34
51,68,2009-4-11,5,2,5.11
51,68,2009-4-11,34,2,5
51,68,2009-4-11,64,3,6.57
52,42,2009-6-23,53,1,4.93
53,105,2009-6-11,6,3,4.65
54,43,2009-9-3,40,1,6.6
54,43,2009-9-3,6,3,1.7
54,43,2009-9-3,66,1,0.63
55,87,2009-10-6,67,2,5.49
55,87,2009-10-6,55,1,5.08
55,87,2009-10-6,4,2,9.63
55,87,2009-10-6,68,2,5.09
56,4,2009-8-10,4,1,2.77
56,4,2009-8-10,52,4,7.85
57,9,2009-7-4,38,2,6
57,9,2009-7-4,58,3,1.33
57,9,2009-7-4,50,4,1.74
57,9,2009-7-4,26,3,4.16
58,27,2009-1-13,3,1,4.45
58,27,2009-1-13,49,2,0.93
58,27,2009-1-13,31,2,3.61
58,27,2009-1-13,67,3,2.8
59,81,2009-7-5,44,2,1.68
60,52,2009-6-26,3,4,5.5
60,52,2009-6-26,46,2,9.25
61,51,2009-5-23,61,2,3.59
61,51,2009-5-23,12,2,1
61,51,2009-5-23,59,2,3.33
61,51,2009-5-23,58,3,6.94
61,51,2009-5-23,40,3,8.75
62,80,2009-9-10,3,3,2.82
62,80,2009-9-10,55,3,3.02
62,80,2009-9-10,28,2,0.84
62,80,2009-9-10,38,3,3.46
63,45,2009-9-25,5,2,0.7
63,45,2009-9-25,13,3,1.45
64,1,2009-2-4,37,4,9.73
65,30,2009-2-18,50,3,6.1
65,30,2009-2-18,72,2,5.68
65,30,2009-2-18,70,3,5.63
65,30,2009-2-18,60,2,2.26
66,33,2009-9-11,69,3,9.8
67,102,2009-7-8,58,1,8.51
67,102,2009-7-8,42,1,0.26
67,102,2009-7-8,9,2,8.59
67,102,2009-7-8,36,3,4.58
68,18,2009-6-10,69,3,2.64
68,18,2009-6-10,42,2,8.34
68,18,2009-6-10,8,3,6.34
68,18,2009-6-10,35,2,7.95
69,94,2009-9-18,52,2,7.97
70,27,2009-6-27,43,1,9.05
70,27,2009-6-27,43,2,0.08
71,65,2009-7-8,13,2,2.86
72,7,2009-5-3,43,3,5.94
73,33,2009-8-1,12,4,1.09
74,4,2009-4-10,15,3,6.21
75,74,2009-11-12,30,2,1.53
75,74,2009-11-12,69,4,9.54
75,74,2009-11-12,1,3,4.21
75,74,2009-11-12,65,2,7.94
75,74,2009-11-12,55,2,3.84
76,41,2009-2-17,40,2,7.41
76,41,2009-2-17,1,2,9.92
76,41,2009-2-17,43,3,7.25
77,39,2009-4-14,34,3,3.04
77,39,2009-4-14,67,2,7.93
77,39,2009-4-14,49,3,7.74
78,35,2009-8-4,33,3,9.94
78,35,2009-8-4,57,4,9.54
78,35,2009-8-4,67,1,6.21
78,35,2009-8-4,35,3,2.33
78,35,2009-8-4,54,2,7.22
78,35,2009-8-4,53,3,8.15
78,35,2009-8-4,35,3,1.26
78,35,2009-8-4,48,3,3.69
78,35,2009-8-4,21,3,5.23
79,96,2009-11-27,22,3,2.85
80,43,2009-12-12,34,4,1.68
80,43,2009-12-12,17,3,1.28
80,43,2009-12-12,22,3,2.89
80,43,2009-12-12,27,3,3.87
80,43,2009-12-12,6,1,6.81
80,43,2009-12-12,69,3,3.22
81,53,2009-8-26,22,4,8.3
81,53,2009-8-26,36,3,6.54
82,93,2009-7-9,47,3,1.54
82,93,2009-7-9,34,2,3.18
82,93,2009-7-9,44,4,2.13
82,93,2009-7-9,71,2,7.49
83,63,2009-1-6,58,1,9.46
83,63,2009-1-6,1,3,9.42
83,63,2009-1-6,22,3,9.8
83,63,2009-1-6,52,1,0.65
84,96,2009-4-5,18,2,7.72
84,96,2009-4-5,17,2,5.34
84,96,2009-4-5,13,1,8.79
84,96,2009-4-5,53,4,9.64
85,8,2009-5-23,45,3,7.17
86,75,2009-5-8,12,1,1.61
86,75,2009-5-8,29,3,3.78
86,75,2009-5-8,2,2,8.55
86,75,2009-5-8,43,3,9.17
86,75,2009-5-8,28,2,6.87
86,75,2009-5-8,7,1,7.18
86,75,2009-5-8,17,2,0.58
87,95,2009-7-9,34,2,7.96
87,95,2009-7-9,48,2,0.66
88,54,2009-5-19,33,4,4.32
89,26,2009-3-16,15,3,8.9
90,62,2009-11-16,68,2,0.65
90,62,2009-11-16,11,1,9.15
90,62,2009-11-16,11,1,2.44
90,62,2009-11-16,32,2,5.94
90,62,2009-11-16,52,1,6.44
90,62,2009-11-16,73,3,1.24
91,50,2009-11-2,27,2,6.31
91,50,2009-11-2,23,4,4.45
91,50,2009-11-2,29,4,1.6
91,50,2009-11-2,4,2,1.55
92,106,2009-1-22,47,3,3.2
92,106,2009-1-22,13,3,8.44
93,95,2009-7-17,61,1,3.9
93,95,2009-7-17,10,2,6.91
94,53,2009-8-11,44,2,1.74
94,53,2009-8-11,54,4,0.78
94,53,2009-8-11,37,3,2.22
95,48,2009-6-18,57,3,9.54
95,48,2009-6-18,12,3,5.36
95,48,2009-6-18,33,4,7.54
95,48,2009-6-18,63,3,4.9
96,65,2009-7-5,47,3,1.79
97,34,2009-5-22,56,3,3
98,79,2009-12-17,24,3,8.63
98,79,2009-12-17,28,3,9.67
99,31,2009-7-15,21,2,6.91
99,31,2009-7-15,57,3,6.83
99,31,2009-7-15,13,2,5.45
100,75,2009-2-4,3,2,7.41
101,46,2009-11-14,8,2,9.01
102,54,2009-11-6,41,3,4.48
102,54,2009-11-6,45,3,8.73
102,54,2009-11-6,36,3,2.8
102,54,2009-11-6,11,3,3.34
102,54,2009-11-6,13,1,2.15
102,54,2009-11-6,21,2,4.56
102,54,2009-11-6,71,3,0.52
102,54,2009-11-6,62,2,5.35
102,54,2009-11-6,52,3,0.69
102,54,2009-11-6,11,3,2.1
102,54,2009-11-6,9,4,6.68
103,29,2009-9-19,34,3,3.15
103,29,2009-9-19,37,4,9.97
104,87,2009-3-12,40,3,3.39
104,87,2009-3-12,19,3,9.62
105,25,2009-7-3,61,2,6.74
105,25,2009-7-3,41,3,8.58
105,25,2009-7-3,52,2,9.14
105,25,2009-7-3,59,3,4.67
105,25,2009-7-3,31,2,9.48
105,25,2009-7-3,18,3,7.5
106,72,2009-12-15,27,4,8.42
106,72,2009-12-15,3,3,0.77
106,72,2009-12-15,8,2,5.3
106,72,2009-12-15,51,3,6.77
107,62,2009-11-12,21,3,0.98
107,62,2009-11-12,58,1,6.42
108,19,2009-9-12,42,4,8.71
108,19,2009-9-12,33,2,1.69
108,19,2009-9-12,45,3,5.23
108,19,2009-9-12,15,3,5.93
108,19,2009-9-12,28,3,5.51
108,19,2009-9-12,31,3,8.27
108,19,2009-9-12,4,2,0.79
108,19,2009-9-12,36,4,4.19
108,19,2009-9-12,44,1,9.3
108,19,2009-9-12,27,2,3.62
108,19,2009-9-12,45,4,4.85
108,19,2009-9-12,48,3,5.91
109,94,2009-7-3,32,3,0.16
110,59,2009-6-20,41,3,8.82
110,59,2009-6-20,44,3,1.96
110,59,2009-6-20,13,3,5.51
110,59,2009-6-20,73,2,0.5
111,91,2009-12-6,19,2,1.25
111,91,2009-12-6,14,1,9.51
111,91,2009-12-6,62,1,2.06
111,91,2009-12-6,70,3,0.03
111,91,2009-12-6,20,3,5.12
111,91,2009-12-6,42,2,8.61
111,91,2009-12-6,6,2,5.79
112,48,2009-6-19,33,4,9.11
112,48,2009-6-19,6,2,4.67
112,48,2009-6-19,29,3,6.93
112,48,2009-6-19,32,2,1.33
112,48,2009-6-19,16,4,4.55
113,19,2009-4-20,34,2,1.28
113,19,2009-4-20,39,4,2.11
113,19,2009-4-20,54,1,7.47
114,28,2009-11-6,71,2,7.01
114,28,2009-11-6,12,2,7.17
114,28,2009-11-6,63,2,1.52
114,28,2009-11-6,51,3,3.64
114,28,2009-11-6,69,3,6.92
115,84,2009-8-26,57,4,6.12
116,39,2009-9-24,5,4,8.5
117,107,2009-10-14,56,3,7.92
118,35,2009-9-14,67,3,4.11
118,35,2009-9-14,18,4,0.45
118,35,2009-9-14,67,2,1.2
119,89,2009-12-16,73,1,5.6
119,89,2009-12-16,40,1,6.23
120,18,2009-9-3,31,2,6.31
120,18,2009-9-3,51,2,2.3
121,19,2009-3-9,57,4,4.78
121,19,2009-3-9,73,3,2.87
122,64,2009-7-13,64,4,6.11
122,64,2009-7-13,6,4,1.48
122,64,2009-7-13,3,1,4.96
122,64,2009-7-13,35,2,7.6
123,11,2009-3-20,68,1,8.88
123,11,2009-3-20,22,2,9.13
124,48,2009-9-8,46,4,4.66
124,48,2009-9-8,72,2,8.63
124,48,2009-9-8,45,4,5.18
125,61,2009-8-22,27,2,6.2
125,61,2009-8-22,64,3,5.65
126,18,2009-6-11,25,3,6.59
126,18,2009-6-11,71,4,8.8
126,18,2009-6-11,66,3,0.57
127,76,2009-9-15,41,2,9.17
128,20,2009-12-16,69,4,6.94
128,20,2009-12-16,28,2,2.42
129,76,2009-5-17,23,4,8.38
129,76,2009-5-17,56,2,8.18
130,47,2009-5-9,22,3,7.84
130,47,2009-5-9,60,2,9.75
130,47,2009-5-9,44,1,5.07
130,47,2009-5-9,38,2,7.87
130,47,2009-5-9,18,1,9.36
130,47,2009-5-9,67,1,3.1
130,47,2009-5-9,68,3,0.32
130,47,2009-5-9,25,1,6.29
130,47,2009-5-9,66,2,4.41
130,47,2009-5-9,36,2,4.85
130,47,2009-5-9,8,3,4.9
130,47,2009-5-9,72,1,5.38
131,70,2009-5-22,12,4,2.68
131,70,2009-5-22,32,2,3.6
132,80,2009-4-26,40,4,6.47
132,80,2009-4-26,57,2,0.18
132,80,2009-4-26,34,2,0.85
132,80,2009-4-26,32,2,6.58
132,80,2009-4-26,34,4,7.95
132,80,2009-4-26,75,4,4.01
132,80,2009-4-26,28,3,1.53
132,80,2009-4-26,43,2,1.05
133,38,2009-7-2,41,2,4.33
134,35,2009-12-7,9,3,4.49
135,40,2009-10-18,20,1,5.07
135,40,2009-10-18,51,2,8.38
135,40,2009-10-18,21,4,3.59
135,40,2009-10-18,11,4,1.47
135,40,2009-10-18,2,2,0.37
136,43,2009-2-7,68,2,9.7
136,43,2009-2-7,47,3,4.19
136,43,2009-2-7,8,2,4.34
136,43,2009-2-7,22,2,3.29
136,43,2009-2-7,17,2,2.77
136,43,2009-2-7,30,2,4.67
136,43,2009-2-7,30,4,9.17
136,43,2009-2-7,75,1,4.35
136,43,2009-2-7,10,1,0.81
136,43,2009-2-7,60,2,2.14
136,43,2009-2-7,23,2,9.62
136,43,2009-2-7,69,1,7.3
136,43,2009-2-7,3,1,4.45
136,43,2009-2-7,69,2,4.44
136,43,2009-2-7,70,2,3.79
136,43,2009-2-7,27,3,6.7
137,85,2009-3-6,5,2,8.26
138,31,2009-9-28,37,4,4.58
139,14,2009-10-28,27,3,2.29
139,14,2009-10-28,35,2,8.54
139,14,2009-10-28,42,2,6.85
139,14,2009-10-28,22,3,1.15
139,14,2009-10-28,52,3,9.75
140,27,2009-9-3,47,1,9.76
141,106,2009-3-11,6,2,7.99
141,106,2009-3-11,71,3,2.37
141,106,2009-3-11,14,4,8.68
142,107,2009-3-22,21,2,1.08
142,107,2009-3-22,36,3,1.51
142,107,2009-3-22,45,3,9.12
142,107,2009-3-22,59,3,6.67
143,8,2009-9-1,31,3,5.46
144,4,2009-12-7,4,2,9.78
144,4,2009-12-7,6,1,7.42
144,4,2009-12-7,48,1,3.7
144,4,2009-12-7,13,2,4.32
144,4,2009-12-7,31,1,9.05
144,4,2009-12-7,67,1,7.18
145,81,2009-8-18,48,4,3.5
145,81,2009-8-18,62,4,0.08
146,67,2009-5-20,9,2,7.82
146,67,2009-5-20,66,3,8.41
146,67,2009-5-20,53,2,4.9
146,67,2009-5-20,62,2,3.43
146,67,2009-5-20,29,2,2.95
146,67,2009-5-20,64,2,7.88
147,87,2009-10-9,15,3,3.61
147,87,2009-10-9,23,2,6.6
147,87,2009-10-9,23,2,4.97
147,87,2009-10-9,4,2,0.18
147,87,2009-10-9,36,3,8.02
148,64,2009-3-14,42,1,8.71
148,64,2009-3-14,18,2,0.56
149,56,2009-5-12,44,2,3.48
150,54,2009-11-27,38,3,4.7
150,54,2009-11-27,68,3,1.87
151,81,2009-9-16,53,2,3.86
151,81,2009-9-16,51,2,6.99
151,81,2009-9-16,10,3,2.33
151,81,2009-9-16,22,1,8.19
151,81,2009-9-16,10,1,4.46
151,81,2009-9-16,4,3,3.55
152,31,2009-8-10,70,4,3.02
152,31,2009-8-10,23,4,9.33
152,31,2009-8-10,17,4,3.33
152,31,2009-8-10,74,4,2.87
153,20,2009-4-17,10,3,0.65
154,25,2009-5-26,52,2,0.49
154,25,2009-5-26,38,2,0.27
155,14,2009-9-22,58,4,1.65
155,14,2009-9-22,47,4,1.52
155,14,2009-9-22,55,2,4.83
156,63,2009-1-2,29,3,8.01
156,63,2009-1-2,29,2,3.1
156,63,2009-1-2,4,4,4.57
156,63,2009-1-2,68,1,3.9
156,63,2009-1-2,17,2,9.22
156,63,2009-1-2,73,1,1.69
157,7,2009-3-10,69,1,1.29
157,7,2009-3-10,42,3,6.99
158,57,2009-5-10,67,2,5.02
159,31,2009-4-27,61,4,7.71
159,31,2009-4-27,15,1,2.5
160,19,2009-9-24,41,1,5.95
161,9,2009-2-8,15,2,8.97
161,9,2009-2-8,64,3,5.57
161,9,2009-2-8,59,1,7.88
161,9,2009-2-8,38,2,1.22
161,9,2009-2-8,62,3,8.97
161,9,2009-2-8,19,3,6.69
162,18,2009-6-12,36,2,9.21
163,64,2009-2-14,64,2,3.94
163,64,2009-2-14,52,2,4.7
164,76,2009-12-14,39,2,3.48
164,76,2009-12-14,42,2,1.21
164,76,2009-12-14,60,2,7.36
165,2,2009-12-27,46,2,8.63
166,85,2009-10-6,15,1,1.18
166,85,2009-10-6,8,4,3.66
167,20,2009-7-12,15,1,1.88
167,20,2009-7-12,60,2,9.34
168,58,2009-7-24,66,1,9.06
169,25,2009-2-5,12,3,5.28
169,25,2009-2-5,53,3,1.1
169,25,2009-2-5,17,2,9.03
169,25,2009-2-5,42,2,2.98
169,25,2009-2-5,22,4,1.21
170,83,2009-4-23,28,3,1.78
170,83,2009-4-23,42,2,2.95
170,83,2009-4-23,75,4,9.47
171,51,2009-10-7,70,4,6.14
172,48,2009-11-17,12,3,7.1
172,48,2009-11-17,38,1,9.22
172,48,2009-11-17,27,3,0.04
172,48,2009-11-17,30,3,8.41
172,48,2009-11-17,15,3,3.29
172,48,2009-11-17,38,4,1.23
173,72,2009-7-26,15,2,8.39
173,72,2009-7-26,63,3,4.24
173,72,2009-7-26,8,2,3.56
173,72,2009-7-26,16,1,9.38
174,77,2009-6-15,24,1,1.6
175,15,2009-8-28,44,2,9.38
175,15,2009-8-28,29,3,4.78
176,65,2009-5-24,53,3,5.82
176,65,2009-5-24,34,1,8.04
176,65,2009-5-24,63,3,4.97
176,65,2009-5-24,31,1,5.77
176,65,2009-5-24,37,4,8.34
176,65,2009-5-24,10,3,6.75
177,53,2009-9-28,66,2,3.48
177,53,2009-9-28,70,2,2.17
177,53,2009-9-28,61,3,2.95
177,53,2009-9-28,5,1,5.17
178,9,2009-2-12,57,3,7.52
179,59,2009-7-19,1,1,4.79
179,59,2009-7-19,52,4,2.3
179,59,2009-7-19,52,1,9.65
179,59,2009-7-19,10,3,2.32
179,59,2009-7-19,17,4,4.38
180,59,2009-7-25,30,1,6.94
181,36,2009-7-26,63,3,1.2
181,36,2009-7-26,15,2,5.99
181,36,2009-7-26,58,2,8.42
181,36,2009-7-26,70,4,6.02
181,36,2009-7-26,23,2,4.87
181,36,2009-7-26,71,1,8.76
182,68,2009-10-18,40,3,9.15
182,68,2009-10-18,65,4,7.86
183,62,2009-1-28,6,2,2.47
184,91,2009-5-20,46,2,9.28
185,59,2009-5-2,51,4,8.2
185,59,2009-5-2,55,1,7.75
185,59,2009-5-2,41,1,9.34
185,59,2009-5-2,3,1,2.18
185,59,2009-5-2,23,3,8.94
185,59,2009-5-2,20,2,8.93
185,59,2009-5-2,48,2,7.49
185,59,2009-5-2,4,3,2.31
185,59,2009-5-2,21,2,3.17
185,59,2009-5-2,65,3,8.63
186,61,2009-11-23,65,3,8.79
187,75,2009-8-7,26,2,3.91
188,107,2009-11-18,41,3,8.15
189,49,2009-6-8,57,1,7.97
189,49,2009-6-8,6,2,0.17
189,49,2009-6-8,7,2,5.58
189,49,2009-6-8,38,1,9.65
189,49,2009-6-8,48,3,7.92
190,59,2009-5-4,46,1,5.94
190,59,2009-5-4,41,1,6.95
190,59,2009-5-4,33,2,3.52
191,72,2009-1-26,39,4,1.05
191,72,2009-1-26,20,3,4.26
192,46,2009-11-28,16,3,1.51
193,10,2009-12-17,70,1,0.9
193,10,2009-12-17,49,2,6.52
194,43,2009-5-24,16,2,0.24
195,34,2009-9-22,74,1,4.06
195,34,2009-9-22,47,1,0.39
195,34,2009-9-22,22,2,5.37
196,92,2009-4-5,41,3,5.12
196,92,2009-4-5,50,2,7.95
196,92,2009-4-5,71,1,1.42
196,92,2009-4-5,39,4,5.06
196,92,2009-4-5,63,4,2.97
196,92,2009-4-5,51,3,1.44
196,92,2009-4-5,11,3,1.8
196,92,2009-4-5,61,2,2.49
196,92,2009-4-5,51,2,4.17
197,56,2009-11-19,36,2,1.83
197,56,2009-11-19,26,2,9.33
198,18,2009-10-21,49,4,7.35
199,36,2009-12-7,61,1,0.98
199,36,2009-12-7,38,2,2
200,88,2009-2-24,61,4,6.24
200,88,2009-2-24,24,4,3.63
200,88,2009-2-24,57,3,3.26
200,88,2009-2-24,8,2,4.71
200,88,2009-2-24,13,3,0.94
200,88,2009-2-24,54,3,4.11
200,88,2009-2-24,32,2,3.18
201,102,2009-5-27,43,2,7.56
201,102,2009-5-27,43,1,9.15
201,102,2009-5-27,46,1,6.41
201,102,2009-5-27,40,2,7.79
201,102,2009-5-27,57,2,8.78
201,102,2009-5-27,68,2,3.54
201,102,2009-5-27,8,2,1.7
202,10,2009-6-3,67,1,5.35
202,10,2009-6-3,34,2,4.83
202,10,2009-6-3,74,3,8.91
202,10,2009-6-3,13,4,0.12
202,10,2009-6-3,9,2,7.62
203,61,2009-6-1,12,2,9.07
203,61,2009-6-1,32,4,0.85
204,72,2009-7-17,70,4,3.45
205,92,2009-8-14,60,3,6.33
205,92,2009-8-14,29,1,0.16
205,92,2009-8-14,66,2,9.8
205,92,2009-8-14,63,2,5.39
206,55,2009-10-14,58,1,5.86
206,55,2009-10-14,17,2,2.34
206,55,2009-10-14,46,3,0.68
206,55,2009-10-14,26,1,9.7
206,55,2009-10-14,30,1,6.66
206,55,2009-10-14,72,2,1.2
207,105,2009-11-5,45,2,7.64
207,105,2009-11-5,6,4,0.05
208,101,2009-3-11,62,2,4.85
209,31,2009-7-1,26,4,2.25
210,25,2009-6-7,26,3,7.93
211,27,2009-11-13,10,3,3.96
211,27,2009-11-13,12,3,9.16
211,27,2009-11-13,6,3,5.88
212,88,2009-1-13,14,1,0.39
213,11,2009-4-4,11,3,5.06
213,11,2009-4-4,8,2,5.67
214,14,2009-6-6,37,2,1.14
214,14,2009-6-6,42,3,9.87
215,40,2009-8-17,46,1,3.13
216,106,2009-5-25,55,3,1.83
216,106,2009-5-25,60,3,3.95
216,106,2009-5-25,70,3,9.36
216,106,2009-5-25,58,2,3.73
216,106,2009-5-25,59,3,3.17
217,57,2009-5-9,52,3,1.21
217,57,2009-5-9,12,1,3.52
217,57,2009-5-9,15,4,4.86
218,60,2009-6-6,64,2,4.96
218,60,2009-6-6,59,4,5.77
218,60,2009-6-6,56,3,0.07
218,60,2009-6-6,16,4,6.96
218,60,2009-6-6,16,4,2.74
218,60,2009-6-6,54,2,3.86
218,60,2009-6-6,29,1,5.74
219,12,2009-8-14,22,1,1.51
220,56,2009-12-10,55,4,4.39
220,56,2009-12-10,53,1,7.18
221,97,2009-2-2,71,3,1.08
221,97,2009-2-2,74,2,2.44
222,104,2009-2-28,36,1,7.71
222,104,2009-2-28,25,3,9.42
222,104,2009-2-28,71,2,4.26
222,104,2009-2-28,17,3,7.98
222,104,2009-2-28,71,1,5.48
222,104,2009-2-28,47,2,5.85
222,104,2009-2-28,73,2,2.91
222,104,2009-2-28,64,3,4.92
222,104,2009-2-28,19,2,9.27
222,104,2009-2-28,16,2,2.08
223,51,2009-11-11,37,3,3.16
224,54,2009-3-20,65,2,3.5
225,49,2009-2-26,9,3,8.22
225,49,2009-2-26,8,3,3.55
225,49,2009-2-26,53,1,1.58
225,49,2009-2-26,65,1,2.68
226,11,2009-2-25,23,4,8.35
227,44,2009-1-23,9,1,2.64
227,44,2009-1-23,36,2,2.11
228,105,2009-6-13,3,2,4.11
228,105,2009-6-13,60,2,0.84
228,105,2009-6-13,30,3,4.8
228,105,2009-6-13,20,4,7.91
228,105,2009-6-13,72,1,0.77
229,15,2009-7-10,2,3,3.51
229,15,2009-7-10,40,4,8.05
229,15,2009-7-10,60,1,1.04
229,15,2009-7-10,53,1,5.61
230,83,2009-5-9,17,3,5.42
230,83,2009-5-9,20,1,6.89
230,83,2009-5-9,4,2,9.49
231,74,2009-8-25,55,2,0.06
231,74,2009-8-25,13,2,1.73
231,74,2009-8-25,11,2,9.94
232,47,2009-2-8,43,3,5.35
232,47,2009-2-8,42,1,5.52
232,47,2009-2-8,55,2,6.76
233,48,2009-10-14,69,3,6.16
233,48,2009-10-14,64,3,1.47
234,5,2009-8-6,19,2,1.31
234,5,2009-8-6,41,2,1.9
235,75,2009-7-14,25,3,1.24
235,75,2009-7-14,48,3,7.77
235,75,2009-7-14,49,1,3.85
235,75,2009-7-14,53,3,1.82
236,57,2009-10-10,8,2,6.25
236,57,2009-10-10,48,4,7.33
236,57,2009-10-10,34,4,5.34
237,28,2009-8-21,18,3,1.25
237,28,2009-8-21,31,4,3.63
237,28,2009-8-21,70,1,1.1
237,28,2009-8-21,19,1,0.91
238,64,2009-6-22,74,2,2.03
239,61,2009-2-2,41,1,7.01
239,61,2009-2-2,51,4,7.56
240,92,2009-10-27,28,1,3.87
240,92,2009-10-27,11,2,1.25
240,92,2009-10-27,32,1,2.48
241,40,2009-2-7,6,1,4.37
242,70,2009-3-2,23,2,9.59
243,104,2009-11-26,69,2,1.01
243,104,2009-11-26,13,1,5.77
243,104,2009-11-26,74,2,2.64
244,45,2009-7-19,16,3,8.38
245,62,2009-3-13,69,2,6.75
245,62,2009-3-13,33,3,9.2
246,29,2009-8-10,3,3,7.23
246,29,2009-8-10,16,3,2.83
247,88,2009-10-24,15,4,0.51
247,88,2009-10-24,60,4,0.71
247,88,2009-10-24,72,2,7.41
248,84,2009-11-2,23,2,2.62
248,84,2009-11-2,69,1,2.75
249,27,2009-6-16,45,3,6.36
250,23,2009-7-8,73,4,4.6
250,23,2009-7-8,12,4,6.57
250,23,2009-7-8,62,3,9.31
250,23,2009-7-8,73,3,3.16
251,35,2009-9-22,52,2,2.94
252,59,2009-2-3,1,1,3.77
252,59,2009-2-3,45,1,9.89
252,59,2009-2-3,71,3,0.76
252,59,2009-2-3,33,2,1.04
252,59,2009-2-3,12,3,5.49
252,59,2009-2-3,24,3,2.35
252,59,2009-2-3,18,4,0.57
252,59,2009-2-3,70,3,3.07
252,59,2009-2-3,19,2,3.57
252,59,2009-2-3,9,2,7.55
253,40,2009-6-27,57,1,6.22
253,40,2009-6-27,17,4,5.35
253,40,2009-6-27,32,4,3.81
253,40,2009-6-27,36,1,3.65
253,40,2009-6-27,42,3,4.85
254,100,2009-5-17,61,1,6.73
254,100,2009-5-17,48,3,2.46
254,100,2009-5-17,75,3,2.31
254,100,2009-5-17,2,1,5.85
254,100,2009-5-17,48,4,0.05
254,100,2009-5-17,27,3,8.82
254,100,2009-5-17,53,3,7.78
255,50,2009-10-15,14,2,4.87
256,25,2009-3-20,57,3,8.79
256,25,2009-3-20,6,4,8.64
256,25,2009-3-20,58,2,1.26
256,25,2009-3-20,42,3,5.69
257,1,2009-5-4,59,1,4.12
257,1,2009-5-4,63,4,0.97
257,1,2009-5-4,15,3,6.09
257,1,2009-5-4,54,2,4.07
258,50,2009-12-11,46,4,7.35
258,50,2009-12-11,9,3,6.83
259,23,2009-2-24,73,3,2.45
259,23,2009-2-24,26,2,1.79
259,23,2009-2-24,37,3,7.45
259,23,2009-2-24,57,1,4.7
259,23,2009-2-24,19,4,8.16
259,23,2009-2-24,2,2,9.64
260,40,2009-12-21,46,2,0.68
260,40,2009-12-21,32,2,7.77
260,40,2009-12-21,30,1,6.81
260,40,2009-12-21,7,3,10
260,40,2009-12-21,3,1,6.85
260,40,2009-12-21,9,3,3.5
261,59,2009-5-26,18,1,4.89
262,39,2009-7-23,18,2,2.14
262,39,2009-7-23,35,3,1.5
263,97,2009-7-8,43,1,3.84
263,97,2009-7-8,25,3,7.7
264,100,2009-5-22,23,3,5.91
264,100,2009-5-22,58,2,3.81
264,100,2009-5-22,39,3,3.78
264,100,2009-5-22,67,2,2.19
264,100,2009-5-22,18,4,9.53
264,100,2009-5-22,50,3,5.21
264,100,2009-5-22,26,1,0.49
264,100,2009-5-22,63,1,3.24
265,66,2009-10-13,45,3,3.56
265,66,2009-10-13,70,1,2.39
265,66,2009-10-13,1,2,4.64
265,66,2009-10-13,34,3,5.9
265,66,2009-10-13,51,3,2.47
265,66,2009-10-13,28,3,3.76
265,66,2009-10-13,38,2,3.64
265,66,2009-10-13,75,3,2.51
266,3,2009-6-1,12,2,9.14
266,3,2009-6-1,58,2,2.17
266,3,2009-6-1,5,4,0.21
266,3,2009-6-1,48,2,0.87
266,3,2009-6-1,6,3,1.94
267,7,2009-4-20,8,3,6.56
267,7,2009-4-20,27,4,6.25
267,7,2009-4-20,14,2,7.86
267,7,2009-4-20,15,3,7.96
267,7,2009-4-20,31,4,1.46
268,105,2009-7-22,7,4,1.33
269,21,2009-3-9,42,4,7.73
269,21,2009-3-9,66,2,6.95
269,21,2009-3-9,13,1,6.91
269,21,2009-3-9,16,2,3.2
269,21,2009-3-9,26,1,6.53
269,21,2009-3-9,26,2,5.94
270,28,2009-7-4,2,2,3.9
270,28,2009-7-4,40,2,7.5
271,101,2009-1-23,70,3,3.74
271,101,2009-1-23,62,3,9.37
271,101,2009-1-23,68,2,0.09
272,16,2009-3-7,5,3,7.18
273,102,2009-1-5,9,2,5.65
273,102,2009-1-5,3,4,0.08
273,102,2009-1-5,37,3,7.04
273,102,2009-1-5,68,3,9.9
274,68,2009-12-14,66,4,6.91
275,58,2009-1-24,37,4,9.57
275,58,2009-1-24,19,3,1.24
275,58,2009-1-24,64,3,7.42
275,58,2009-1-24,47,2,3.04
275,58,2009-1-24,40,2,9.7
276,30,2009-12-11,38,2,8.66
276,30,2009-12-11,73,1,5.88
276,30,2009-12-11,2,3,4.88
276,30,2009-12-11,57,1,1.18
276,30,2009-12-11,63,1,4.1
276,30,2009-12-11,67,3,5.91
276,30,2009-12-11,34,2,4.35
276,30,2009-12-11,3,3,4.01
276,30,2009-12-11,75,3,8.39
276,30,2009-12-11,10,1,3.22
276,30,2009-12-11,30,3,3.17
277,36,2009-2-27,52,4,5.84
277,36,2009-2-27,36,2,0.45
277,36,2009-2-27,66,2,4.99
277,36,2009-2-27,58,1,5.2
277,36,2009-2-27,68,1,7.82
278,29,2009-10-13,75,2,1.9
279,45,2009-3-22,27,3,1.51
279,45,2009-3-22,30,4,4.5
279,45,2009-3-22,73,4,5.16
279,45,2009-3-22,66,3,8.24
279,45,2009-3-22,34,2,3.25
279,45,2009-3-22,23,1,2.14
279,45,2009-3-22,61,2,2.64
280,75,2009-1-20,75,2,2.73
280,75,2009-1-20,65,1,8.98
280,75,2009-1-20,9,1,7.17
281,54,2009-7-5,28,4,7.01
282,90,2009-8-6,5,4,9.42
282,90,2009-8-6,15,1,1.6
283,98,2009-10-18,34,2,2.85
283,98,2009-10-18,56,2,7.78
283,98,2009-10-18,11,2,7.74
283,98,2009-10-18,73,1,2.88
283,98,2009-10-18,60,3,8.31
284,79,2009-11-22,52,4,2.44
284,79,2009-11-22,4,3,5.72
285,73,2009-9-18,14,3,6.28
285,73,2009-9-18,75,4,3.47
285,73,2009-9-18,32,3,2.09
285,73,2009-9-18,8,1,3.91
285,73,2009-9-18,73,2,4.23
285,73,2009-9-18,70,4,3.72
286,72,2009-2-20,22,1,7.53
286,72,2009-2-20,48,1,5.5
286,72,2009-2-20,13,2,4.09
286,72,2009-2-20,70,1,3.35
286,72,2009-2-20,12,4,8.49
287,99,2009-2-4,29,1,2.78
288,46,2009-8-19,30,2,5.15
288,46,2009-8-19,68,2,0.27
288,46,2009-8-19,67,3,5.25
288,46,2009-8-19,23,3,2.25
289,63,2009-2-23,53,1,0.54
289,63,2009-2-23,16,4,1.71
289,63,2009-2-23,26,2,5.71
289,63,2009-2-23,3,2,3.07
290,4,2009-2-20,31,2,3.76
291,5,2009-3-26,11,3,3.31
291,5,2009-3-26,20,2,9.16
291,5,2009-3-26,2,3,6.21
292,83,2009-6-22,32,2,7.66
292,83,2009-6-22,61,2,6.09
292,83,2009-6-22,16,3,9.51
292,83,2009-6-22,43,1,3.08
292,83,2009-6-22,6,2,6.01
293,93,2009-8-22,71,2,6.2
293,93,2009-8-22,59,4,4.03
294,13,2009-4-25,41,2,7.12
294,13,2009-4-25,44,4,1.53
294,13,2009-4-25,6,4,7.94
295,51,2009-3-22,7,2,0.42
295,51,2009-3-22,25,3,0.39
296,69,2009-4-26,44,2,0.34
296,69,2009-4-26,47,2,3.42
297,9,2009-7-21,1,3,5.93
297,9,2009-7-21,58,3,6.27
297,9,2009-7-21,21,3,2
298,1,2009-9-11,48,3,2.89
298,1,2009-9-11,69,2,9.01
299,68,2009-10-9,17,4,9.96
299,68,2009-10-9,18,2,3.08
299,68,2009-10-9,31,3,2.08
299,68,2009-10-9,34,2,9.53
299,68,2009-10-9,58,1,3.18
300,57,2009-6-9,42,2,5.88
300,57,2009-6-9,11,2,0.29
300,57,2009-6-9,54,3,0.02
300,57,2009-6-9,59,2,9.48
300,57,2009-6-9,63,3,4.64
300,57,2009-6-9,54,1,8.76
300,57,2009-6-9,75,2,9.7
300,57,2009-6-9,34,3,9.16
301,66,2009-10-20,3,4,9.89
302,93,2009-2-13,30,4,2.8
303,74,2009-1-14,54,2,0.82
303,74,2009-1-14,55,4,4.25
304,26,2009-6-13,74,2,3.19
304,26,2009-6-13,44,4,3.79
304,26,2009-6-13,2,2,1.63
305,97,2009-2-21,47,4,9.99
305,97,2009-2-21,22,3,3.47
305,97,2009-2-21,50,3,5.74
305,97,2009-2-21,42,2,5.66
305,97,2009-2-21,5,4,4.25
306,3,2009-1-17,74,4,0.33
307,52,2009-8-9,74,4,6.12
307,52,2009-8-9,18,3,9.65
308,19,2009-7-7,39,4,7.12
308,19,2009-7-7,71,1,8.29
308,19,2009-7-7,70,4,4.8
308,19,2009-7-7,54,1,7.71
308,19,2009-7-7,47,3,4.25
308,19,2009-7-7,6,4,4.18
308,19,2009-7-7,50,3,7.93
309,76,2009-1-4,46,3,5.74
309,76,2009-1-4,21,4,1.56
